<?xml version="1.0" encoding="UTF-8"?>
<beans xmlns="http://www.springframework.org/schema/beans"
	xmlns:xsi="http://www.w3.org/2001/XMLSchema-instance"
	xmlns:c="http://www.springframework.org/schema/c"
	xmlns:p="http://www.springframework.org/schema/p"
	xmlns:context="http://www.springframework.org/schema/context"
	xsi:schemaLocation="http://www.springframework.org/schema/beans http://www.springframework.org/schema/beans/spring-beans.xsd
		http://www.springframework.org/schema/context http://www.springframework.org/schema/context/spring-context.xsd">
	
	<context:annotation-config/><!-- 자바에서 어노테이션으로 값 주입한걸 xml에 가져온거임 -->
	<bean class="com.javalec.ex.ConfigCTX"/>
	
	<bean id="student2" class="com.javalec.ex.Student">
		<constructor-arg name="name" value="김유신" />
		<constructor-arg name="age" value="33" />
		<constructor-arg name="hobbys">
			<list>
				<value>수영</value>
				<value>조깅</value>
				<value>등산</value>
			</list>
		</constructor-arg>
		<property name="height" value="180"/>
		<property name="weight" value="70"/>
	</bean>

</beans>
