<?xml version="1.0" encoding="UTF-8"?>
<beans xmlns="http://www.springframework.org/schema/beans"
	xmlns:xsi="http://www.w3.org/2001/XMLSchema-instance"
	xmlns:aop="http://www.springframework.org/schema/aop"
	xsi:schemaLocation="http://www.springframework.org/schema/beans http://www.springframework.org/schema/beans/spring-beans.xsd
		http://www.springframework.org/schema/aop http://www.springframework.org/schema/aop/spring-aop-4.3.xsd">

	<!-- proxy(대행) 설정 -->
	<aop:config>
		<aop:aspect id="logger" ref="logAop">
			<aop:pointcut expression="within(com.javalec.ex.*)"
				id="publicM" />
			<!-- expression <- 범위 // * <- 범위내의 모든 클래스 -->
			<!-- com.javalec.ex 어떤 클래스를 호출하던간에 method=loggerAop를 실행해라 -->

			<aop:around pointcut-ref="publicM" method="loggerAop" />
		</aop:aspect>
	</aop:config>

	<bean id="studentInfo" class="com.javalec.ex.StudentInfo">
		<property name="hakNum" value="1001" />
		<property name="name" value="조요한" />
		<property name="major" value="행정학과" />
		<property name="address" value="군포시" />
		<property name="phone" value="010-4147-8458" />
	</bean>

	<bean id="studentScore" class="com.javalec.ex.StudentScore">
		<property name="hakNum" value="1001" />
		<property name="kor" value="100" />
		<property name="eng" value="100" />
		<property name="math" value="100" />
		<property name="total" value="300" />
		<property name="avg" value="100" />
	</bean>

	<bean id="bookloan" class="com.javalec.ex.BookLoan">
		<property name="hakNum" value="1001" />
		<property name="bookNum" value="b001" />
		<property name="subject" value="아프니까 청춘" />
		<property name="category" value="자기개발서" />
		<property name="loan" value="2020/05/07" />
		<property name="reloan" value="2020/05/14" />
		<property name="delay" value="4일" />
	</bean>

</beans>
