<?xml version="1.0" encoding="UTF-8"?>
<beans xmlns="http://www.springframework.org/schema/beans"
	xmlns:xsi="http://www.w3.org/2001/XMLSchema-instance"
	xsi:schemaLocation="http://www.springframework.org/schema/beans http://www.springframework.org/schema/beans/spring-beans.xsd">
	<bean id="bMICalculator" class="com.javalec.ex.BMICalculator">
		<property name="lowWeigth" value="18.5" />
		<property name="normal" value="23"></property>
		<property name="overWeight" value="25"></property>
		<property name="obesity" value="30"></property>

	</bean>

	<bean id="myInfo" class="com.javalec.ex.MyInfo">
		<property name="name" value="홍길동" />
		<property name="height" value="178" />
		<property name="weight" value="94" />
		<property name="hobbys">
			<list>
				<value>수영</value>
				<value>요리</value>
				<value>자전거</value>
			</list>
		</property>
		<property name="bmiCalculator">
		<ref bean="bMICalculator"/>
		</property>
	</bean>
</beans>
