<?xml version="1.0" encoding="UTF-8"?>
<beans xmlns="http://www.springframework.org/schema/beans"
	xmlns:xsi="http://www.w3.org/2001/XMLSchema-instance"
	xmlns:context="http://www.springframework.org/schema/context"
	xsi:schemaLocation="http://www.springframework.org/schema/beans http://www.springframework.org/schema/beans/spring-beans.xsd
		http://www.springframework.org/schema/context http://www.springframework.org/schema/context/spring-context-3.0.xsd">
<context:property-placeholder location="classpath:info.properties"/>

<bean id="info" class="com.javalec.ex.Info">
<property name="line">
<value>${line}</value>
</property>
<property name="statn_nm">
<value>${statn_nm}</value>
</property>
<property name="adres">
<value>${adres}</value>
</property>
<property name="rdnmadr">
<value>${rdnmadr}</value>
</property>
<property name="telno">
<value>${telno}</value>
</property>

</bean>

</beans>
