<?xml version="1.0" encoding="UTF-8"?>
<beans xmlns="http://www.springframework.org/schema/beans"
	xmlns:xsi="http://www.w3.org/2001/XMLSchema-instance"
	xsi:schemaLocation="http://www.springframework.org/schema/beans http://www.springframework.org/schema/beans/spring-beans.xsd">

	<bean id="stuInfo" class="com.javalec.ex.StuInfo">
		<property name="stuInfo">
			<list>
				<ref bean="student1" />
				<ref bean="student2" />
				<ref bean="student3" />
			</list>
		</property>
	</bean>
	<bean id="stuScore1" class="com.javalec.ex.StuScore">
		<property name="hakNum" value="1001" />
		<property name="korScore" value="100" />
		<property name="engScore" value="100" />
		<property name="mathScore" value="100" />
	</bean>
	<bean id="stuScore2" class="com.javalec.ex.StuScore">
		<property name="hakNum" value="1002" />
		<property name="korScore" value="100" />
		<property name="engScore" value="90" />
		<property name="mathScore" value="90" />
	</bean>
	<bean id="stuScore3" class="com.javalec.ex.StuScore">
		<property name="hakNum" value="1003" />
		<property name="korScore" value="100" />
		<property name="engScore" value="80" />
		<property name="mathScore" value="80" />
	</bean>

	<bean id="student1" class="com.javalec.ex.Student">
		<property name="hakNum" value="1001" />
		<property name="hakName" value="홍길동" />
		<property name="hakMajor" value="컴퓨터전공" />
		<property name="hakAddress" value="서울시" />
		<property name="hakPhone" value="010-1111-1111" />
	</bean>
	<bean id="student2" class="com.javalec.ex.Student">
		<property name="hakNum" value="1002" />
		<property name="hakName" value="유관순" />
		<property name="hakMajor" value="국문학전공" />
		<property name="hakAddress" value="경기도" />
		<property name="hakPhone" value="010-2222-2222" />
	</bean>
	<bean id="student3" class="com.javalec.ex.Student">
		<property name="hakNum" value="1002" />
		<property name="hakName" value="김유신" />
		<property name="hakMajor" value="영문학전공" />
		<property name="hakAddress" value="경남시" />
		<property name="hakPhone" value="010-3333-3333" />
	</bean>


</beans>
